pixels_top_width	dist_to_big_pahar	Est = 78/TAN(pixels/1000)
363.4	210	205.1068720393
186	420	414.5076480817
123.1	630	630.4273561013
92	840	845.4327361417
